Gene Names,Cluster label
A1CF,10
A4GNT,15
AAK1,13
AAMP,19
AARS2,16
AATF,12
ABCA6,20
ABCA7,9
ABCB10,13
ABCB4,20
ABCB7,7
ABCC13,13
ABCC9,3
ABCD4,8
ABCG4,6
ABHD4,8
ABHD9,16
ABL2,1
ABLIM1,1
ABR,4
ACAD11,7
ACADS,8
ACAT1,14
ACBD3,14
ACCN1,2
ACCN3,4
ACCSL,11
ACD,8
ACHE,4
ACLY,17
ACOT1,14
ACOT11,4
ACOT4,1
ACOT7,3
ACOT9,7
ACPT,17
ACRBP,12
ACRV1,16
ACSL4,13
ACSL5,20
ACSL6,11
ACSM3,5
ACSM5,16
ACTA2,13
ACTC1,10
ACTG2,11
ACTL6B,1
ACVR1B,1
ACY1,6
ADA,8
ADAM12,19
ADAM19,4
ADAM21,2
ADAM23,5
ADAM28,16
ADAM32,11
ADAM33,2
ADAM6,2
ADAMTS3,1
ADAMTS7,20
ADC,4
ADD2,5
ADH6,4
ADHFE1,7
ADNP,17
ADPRHL2,16
ADRA1B,4
ADRA1D,16
ADRA2A,8
ADRA2C,13
ADSS,14
AEBP2,20
AFM,3
AGAP7,19
AGL,14
AGPAT4,12
AGPS,14
AGRP,3
AGTRAP,8
AIPL1,11
AJAP1,11
AK5,1
AKAP11,1
AKAP13,17
AKAP3,6
AKAP4,3
AKAP7,14
AKIRIN1,13
AKR1B15,10
AKR1C3,13
AKT3,2
ALAS1,15
ALAS2,13
ALCAM,14
ALDH16A1,19
ALDH1A2,4
ALDH1B1,19
ALDOA,2
ALG1L,4
ALKBH1,16
ALKBH2,16
ALKBH6,16
ALLC,5
ALOX15B,4
ALOXE3,4
ALPI,8
ALPPL2,16
ALS2,7
ALS2CL,2
AMAC1,20
AMELY,15
AMH,3
AMPD1,10
AMPD3,15
AMY2A,10
ANAPC11,8
ANGPT1,8
ANGPTL2,5
ANKHD1,18
ANKMY2,17
ANKRD10,7
ANKRD12,13
ANKRD13B,15
ANKRD17,20
ANKRD28,19
ANKRD33,17
ANKS1A,6
ANKS1B,2
ANKZF1,8
ANO7,4
ANO9,6
ANTXR1,2
ANXA1,13
ANXA11,17
ANXA13,19
ANXA7,1
ANXA8L2,19
AOX1,10
AP1S2,13
AP3D1,6
AP3M1,12
AP3S1,14
AP3S2,6
AP4E1,14
AP4S1,10
APAF1,13
APBA2,16
APBB1,1
APBB2,3
APCS,4
API5,7
APLF,9
APLP1,15
APOBEC3F,15
APOL5,18
APOL6,4
AQP1,15
AQP12A,15
AQP7,16
AQP7P2,19
ARAF,12
ARFGEF2,5
ARGLU1,13
ARHGAP21,7
ARHGAP25,5
ARHGAP28,4
ARHGAP29,5
ARHGAP30,12
ARHGEF4,4
ARID1A,18
ARID1B,16
ARID4A,7
ARID4B,14
ARID5A,4
ARL4A,17
ARL5A,13
ARL6IP4,4
ARMC10,14
ARMC8,16
ARRDC2,17
ARRDC5,8
ARS2,4
ARSA,12
ARSB,11
ARSE,3
ARSG,8
ART1,6
ART4,6
ARTN,3
ARVP6125,3
ARX,1
ASAH2,11
ASB12,11
ASB16,12
ASGR2,7
ASL,9
ASNSD1,13
ASRGL1,14
ASS1,11
ASTN1,15
ATCAY,5
ATE1,20
ATF7,6
ATG16L1,6
ATG2B,16
ATG9A,8
ATG9B,11
ATL2,14
ATOX1,12
ATP11A,3
ATP1A3,12
ATP1B2,15
ATP1B3,17
ATP2A2,7
ATP2A3,12
ATP2B1,4
ATP2B4,17
ATP5C1,13
ATP5G2,17
ATP5H,7
ATP5I,13
ATP5J,14
ATP5O,13
ATP6V0A2,7
ATP6V1A,13
ATP6V1F,6
ATP6V1G1,13
ATP6V1G2,19
ATP8A1,4
ATP8B4,14
ATP9A,3
ATRN,19
ATRX,7
ATXN3,5
AUTS2,17
AXIN1,16
AXL,20
AZI2,7
AZIN1,13
B3GAT1,8
B3GNT2,14
B3GNT5,20
B4GALT5,17
B4GALT6,5
BACE2,6
BAG5,19
BAGE,15
BAIAP2,19
BAIAP3,4
BARX2,4
BAT1,7
BATF2,8
BAX,15
BAZ1A,7
BBS10,14
BBS7,9
BCAP29,14
BCAS2,20
BCAT2,16
BCL11B,13
BCL2L12,11
BCL2L2,4
BCLAF1,14
BCOR,6
BCR,8
BDKRB1,17
BDNF,19
BEGAIN,4
BEND4,10
BEND6,2
BET1,14
BGN,15
BHLHB2,17
BIN1,17
BIRC5,1
BIRC6,19
BIRC7,10
BIRC8,18
BLOC1S2,11
BMX,6
BOLA3,7
BOLL,3
BPTF,8
BRAF,5
BRD7,7
BRF1,20
BRI3BP,7
BRP44L,13
BRUNOL4,11
BRUNOL5,1
BSN,3
BTAF1,13
BTBD1,14
BTBD3,4
BTBD7,19
BTN3A1,19
BTNL3,15
BTNL9,5
BTRC,11
BVES,11
C10orf104,7
C10orf116,1
C10orf137,7
C10orf141,18
C10orf28,6
C10orf59,1
C10orf61,14
C10orf79,20
C10orf85,16
C10orf92,2
C10orf95,9
C10orf96,3
C11orf30,6
C11orf40,1
C11orf53,16
C11orf57,19
C11orf65,15
C11orf68,8
C11orf73,4
C11orf74,20
C11orf87,10
C11orf88,2
C12orf23,14
C12orf28,18
C12orf29,7
C12orf36,16
C12orf40,11
C12orf47,13
C12orf49,19
C12orf60,9
C12orf64,11
C12orf67,16
C13orf1,1
C13orf23,7
C13orf26,15
C13orf34,14
C14orf100,7
C14orf104,19
C14orf106,13
C14orf11,19
C14orf121,6
C14orf133,6
C14orf138,14
C14orf142,17
C14orf156,13
C14orf68,19
C15orf29,17
C15orf43,11
C15orf48,9
C15orf59,2
C16orf13,8
C16orf65,5
C16orf7,8
C16orf85,15
C17orf101,4
C17orf102,15
C17orf38,19
C17orf45,13
C17orf49,8
C17orf58,3
C17orf62,12
C17orf65,6
C17orf97,13
C18orf21,17
C19orf21,8
C19orf25,16
C19orf42,17
C19orf46,1
C19orf54,16
C19orf56,16
C1GALT1C1,11
C1QL1,19
C1QL2,12
C1QTNF7,10
C1orf111,9
C1orf112,20
C1orf123,12
C1orf124,12
C1orf140,18
C1orf144,8
C1orf152,17
C1orf188,1
C1orf215,18
C1orf222,15
C1orf229,1
C1orf25,19
C1orf57,12
C1orf83,16
C1orf84,11
C1orf9,4
C1orf91,1
C1orf92,16
C1orf96,20
C2,6
C20orf52,7
C20orf7,7
C21orf57,12
C21orf58,1
C21orf59,2
C21orf67,19
C22orf30,17
C22orf40,2
C22orf9,20
C2CD2,14
C2orf32,4
C2orf37,16
C2orf47,17
C2orf61,10
C2orf64,14
C2orf86,3
C3orf23,11
C3orf25,9
C3orf35,16
C3orf39,16
C3orf54,8
C3orf63,12
C4orf16,5
C4orf18,13
C4orf23,19
C4orf27,17
C4orf37,5
C4orf38,15
C4orf42,4
C4orf45,4
C5,19
C5orf22,1
C5orf36,15
C5orf4,4
C5orf54,20
C6orf10,3
C6orf111,14
C6orf120,14
C6orf125,14
C6orf134,2
C6orf136,7
C6orf138,16
C6orf15,2
C6orf162,20
C6orf165,11
C6orf168,4
C6orf222,15
C6orf225,11
C6orf25,11
C6orf48,19
C7orf29,8
C7orf31,15
C7orf33,11
C7orf36,19
C7orf47,12
C7orf60,5
C8B,11
C8ORFK36,2
C8orf13,20
C8orf22,3
C8orf34,8
C8orf38,19
C8orf55,12
C8orf74,18
C9orf102,14
C9orf131,9
C9orf140,20
C9orf163,1
C9orf164,12
C9orf47,3
C9orf79,2
C9orf84,4
CA10,4
CA12,15
CA9,1
CAB39,14
CABP1,19
CACNA1D,15
CACNA1E,16
CACNA1H,16
CACNB1,1
CACNB2,3
CACNG5,10
CACNG7,18
CACNG8,10
CADM3,10
CADPS2,16
CAGE1,16
CALD1,15
CALM2,13
CALML4,18
CALN1,19
CALU,19
CAMK1,13
CAMK1D,6
CAMK1G,13
CAMK2N1,17
CAMKK1,4
CAMSAP1,14
CAMTA2,1
CAPN10,3
CAPN3,6
CAPN9,10
CAPNS2,11
CAPRIN2,19
CAPZA2,13
CARD8,17
CARHSP1,12
CASC3,17
CASC4,14
CASK,19
CASKIN1,3
CASP1,11
CASP3,17
CASP4,17
CASP7,1
CASP8,13
CAST,20
CATSPER1,12
CATSPER3,1
CAV2,1
CBFA2T2,20
CBLL1,17
CBLN2,20
CBR1,4
CBR4,14
CBX3,17
CBX8,1
CC2D1A,6
CCDC101,8
CCDC108,11
CCDC112,14
CCDC114,9
CCDC120,16
CCDC123,4
CCDC126,14
CCDC129,10
CCDC134,5
CCDC149,19
CCDC16,7
CCDC24,19
CCDC46,18
CCDC53,7
CCDC57,4
CCDC59,13
CCDC60,17
CCDC67,2
CCDC72,13
CCDC85A,10
CCDC87,16
CCDC97,16
CCDC99,20
CCIN,4
CCL13,20
CCL17,5
CCL21,1
CCL22,10
CCL27,10
CCL4L1,17
CCL8,8
CCNB1,20
CCNB3,10
CCNC,7
CCND1,20
CCNDBP1,14
CCNE2,2
CCNG1,13
CCNI,17
CCNJ,20
CCNL2,19
CCNT2,14
CCR10,4
CCR2,14
CCS,12
CCT2,14
CCT5,16
CCT6A,14
CCT6B,4
CCT6P1,20
CD160,17
CD1B,20
CD1E,1
CD200,6
CD300C,7
CD320,8
CD36,11
CD47,13
CD52,13
CD58,13
CD59,19
CD68,13
CD86,4
CDC2,5
CDC23,19
CDC37L1,5
CDC42,13
CDC42BPA,15
CDC42BPG,15
CDC5L,17
CDC7,12
CDC73,5
CDCP1,8
CDGAP,4
CDH10,3
CDH11,4
CDH15,9
CDK3,9
CDK5RAP1,12
CDK5RAP2,17
CDKL1,6
CDKL5,3
CDKN1A,12
CDKN2A,18
CDR2L,11
CDRT1,10
CEACAM19,6
CEBPG,14
CEBPZ,13
CELA2B,3
CEND1,16
CENPC1,19
CENPL,15
CENPQ,19
CENPV,17
CENTG2,12
CEP120,20
CEP152,20
CERCAM,9
CERK,19
CES1,13
CES3,12
CES4,4
CES8,20
CFHR2,8
CFL2,12
CGB,16
CGGBP1,13
CHAT,9
CHD1,13
CHD4,6
CHEK2,9
CHGB,3
CHI3L1,1
CHML,8
CHMP2A,17
CHMP4A,12
CHMP5,13
CHMP6,20
CHRD,2
CHRDL2,4
CHRFAM7A,3
CHRM1,18
CHRM2,2
CHRNA2,12
CHRNA3,4
CHRNA6,16
CHRNE,19
CHST1,6
CHST3,15
CHX10,12
CIDEC,11
CIP29,13
CISH,8
CKM,11
CKMT1B,10
CKS2,14
CLC,13
CLCA1,11
CLCF1,6
CLCN6,19
CLCNKA,3
CLCNKB,10
CLDN19,15
CLDN5,12
CLDN9,8
CLDND1,13
CLEC14A,16
CLEC2B,7
CLEC4A,13
CLEC4GP1,1
CLEC7A,20
CLECL1,14
CLIC1,7
CLIC3,12
CLIC6,20
CLINT1,13
CLNS1A,13
CLOCK,16
CLPX,19
CLRN3,15
CLTB,17
CLUAP1,20
CLUL1,6
CMA1,18
CMC1,20
CMTM3,17
CMTM4,20
CMTM7,7
CNIH2,16
CNIH3,15
CNKSR1,16
CNN1,3
CNN2,13
CNNM1,15
CNTN5,1
CNTNAP4,10
COBRA1,8
COL11A1,10
COL19A1,15
COL25A1,4
COL4A3BP,13
COL4A6,20
COLEC10,11
COMMD3,13
COMMD6,9
COPS4,7
COPS5,14
COQ2,14
CORO1B,12
COX15,6
COX18,18
COX7A2,13
COX7B,13
COX7C,13
CP,2
CP110,7
CPD,13
CPLX1,8
CPN2,8
CPNE3,14
CPS1,9
CPSF3L,6
CPSF4,12
CPT1B,4
CPVL,13
CPXCR1,3
CPXM2,19
CPZ,1
CRB1,20
CRB3,17
CRCT1,16
CREB5,9
CRHBP,4
CRISP2,12
CRK,7
CROP,7
CRSP2,11
CRSP6,11
CRTAP,14
CRYAA,19
CRYBA4,2
CSAG1,11
CSDC2,1
CSDE1,12
CSN1S1,19
CSRP2,4
CST4,9
CST6,1
CSTA,8
CSTF1,11
CSTF3,7
CT45A1,10
CT45A5,4
CTDP1,6
CTDSP1,17
CTF1,19
CTGLF1,4
CTNNB1,19
CTNNBL1,19
CTPS2,4
CTSD,17
CTSL1,1
CTSW,12
CTTNBP2,11
CUBN,15
CUL4A,20
CUL5,13
CUTC,14
CUX2,11
CX3CR1,13
CXCL12,10
CXCL14,8
CXCL17,8
CXCL9,11
CXCR5,13
CXXC1,12
CXorf39,20
CXorf40A,7
CXorf40B,17
CYB561,6
CYBB,14
CYLC2,16
CYLD,13
CYLN2,6
CYP11A1,8
CYP17A1,16
CYP20A1,2
CYP26A1,16
CYP2A7,6
CYP2S1,14
CYP4A11,8
CYP4F11,2
CYTL1,20
DACT1,19
DACT3,9
DALRD3,19
DAP,8
DAPK1,14
DARC,13
DAZ4,10
DBI,13
DBNDD1,8
DBNL,12
DCAF4L1,16
DCAF6,13
DCDC1,15
DCDC2,9
DCLK2,9
DCP1A,16
DCP2,13
DCUN1D4,7
DCX,20
DDI2,2
DDN,16
DDR1,12
DDR2,15
DDX1,14
DDX11,3
DDX23,6
DDX42,1
DDX46,7
DDX56,12
DDX59,15
DEDD,17
DEFB1,10
DEFB108B,4
DEFB121,9
DEFB137,3
DEK,13
DENND1C,8
DEPDC4,2
DERL1,14
DERL3,4
DET1,1
DGCR8,17
DGKA,4
DGKB,2
DGKD,9
DGUOK,6
DHRS12,12
DHRS7,17
DHRS9,19
DHX15,13
DHX36,7
DIAPH2,10
DICER1,5
DIDO1,6
DIP2A,1
DIRC1,6
DIRC2,7
DIS3L2,12
DISC1,7
DIXDC1,11
DKFZP564J102,10
DKFZp686I15217,6
DKK2,16
DKK3,19
DLAT,7
DLEU2L,3
DLEU7,10
DLK1,5
DLL3,11
DMD,1
DMKN,11
DMRT3,10
DMRTB1,12
DNA2,1
DNAH1,8
DNAH5,1
DNAH7,16
DNAH9,18
DNAI2,16
DNAJA1,13
DNAJA2,14
DNAJB12,6
DNAJB2,8
DNAJB5,1
DNAJC10,14
DNAJC15,7
DNAJC17,6
DNAJC19,20
DNAJC21,5
DNAJC22,18
DNAJC24,7
DNAJC25,14
DNAJC3,19
DNAJC5,17
DNAL4,16
DNASE1L1,7
DNASE1L2,9
DOCK11,14
DOCK7,10
DONSON,11
DPF2,8
DPF3,10
DPH2,5
DPM1,13
DPP4,7
DPPA2,18
DPY19L3,5
DPYSL3,20
DR1,13
DRD1IP,18
DRD3,4
DRGX,10
DRP2,11
DSCAM,17
DSCR5,11
DSE,7
DSTN,12
DTWD1,5
DTX1,6
DUS4L,20
DUSP13,9
DUSP14,16
DUSP15,15
DUSP18,12
DUSP27,20
DYDC1,4
DYNC1I2,14
DYNC1LI2,14
EAF1,17
EAF2,14
EBAG9,4
ECEL1,2
EDA,4
EDARADD,1
EDN3,11
EDNRB,18
EEF1B2,7
EEF1G,13
EEFSEC,20
EFCAB6,6
EFCAB7,4
EFEMP1,3
EFEMP2,19
EFHA1,13
EFHD1,1
EFHD2,8
EFNA3,1
EFNA4,12
EFR3A,13
EFTUD1,4
EGFR,9
EHBP1,17
EIF1AX,4
EIF2A,14
EIF2B4,19
EIF3D,14
EIF3E,13
EIF4A2,13
EIF4EBP2,12
EIF4ENIF1,14
EIF4G2,14
EIF5B,6
ELA3A,18
ELF4,8
ELK1,6
ELMO2,14
ELOVL4,20
ELP4,19
EMP1,14
ENOSF1,17
ENOX2,11
ENTPD2,9
ENTPD8,19
ENY2,13
EPB41L1,16
EPHA10,16
EPHA3,3
EPHA8,12
EPHB2,11
EPM2A,1
EPPB9,11
EPYC,9
ERAP1,19
ERCC4,3
ERCC8,11
ERH,13
ERLIN2,1
ERO1LB,20
ERP27,6
ESRP2,11
ESRRG,20
ETF1,7
ETHE1,4
ETV4,18
EVC,3
EVC2,1
EVI2A,14
EXOC1,8
EXOC3L2,10
EXOC5,19
EXOC6,14
EXOG,8
EXOSC1,7
EXT2,1
EYA3,10
EZH1,8
EZH2,19
FAF1,14
FAF2,19
FAHD1,3
FAM100B,12
FAM102B,19
FAM107A,1
FAM108A1,18
FAM108B1,9
FAM109B,11
FAM10A7,7
FAM110B,11
FAM116A,13
FAM126B,2
FAM133B,14
FAM139A,2
FAM14B,11
FAM155B,8
FAM163A,9
FAM177A1,11
FAM188A,7
FAM188B,6
FAM18B,14
FAM18B2,3
FAM19A1,20
FAM19A4,1
FAM20B,14
FAM21C,14
FAM26C,15
FAM35A,14
FAM3A,8
FAM3C,14
FAM3D,16
FAM45B,1
FAM55D,11
FAM58A,12
FAM5B,19
FAM69B,11
FAM71D,10
FAM71F1,20
FAM73B,8
FAM76B,14
FAM84B,14
FAM86A,1
FANCM,11
FAR2,17
FARSB,18
FAS,19
FASLG,7
FASTKD1,14
FASTKD3,20
FBLN1,19
FBXL17,19
FBXL20,8
FBXO11,7
FBXO18,18
FBXO2,16
FBXO22,20
FBXO22OS,20
FBXO28,7
FBXO4,14
FBXO44,5
FBXW5,8
FBXW7,6
FCGRT,12
FCHO2,7
FCRL6,12
FEM1C,14
FEV,6
FEZ1,11
FGD1,3
FGD2,2
FGD6,20
FGF18,18
FGFBP1,9
FGFBP2,13
FGFR4,2
FHL2,12
FHL3,12
FHL5,10
FILIP1,2
FILIP1L,4
FIT1,12
FITM2,5
FKBP1A,17
FKBP2,12
FKBP6,10
FKBP8,17
FKBPL,15
FKSG2,11
FLJ10357,12
FLJ10374,8
FLJ12529,15
FLJ20125,19
FLJ21865,19
FLJ22795,16
FLJ25006,20
FLJ32867,10
FLJ35816,6
FLJ35880,2
FLJ36070,9
FLJ40244,5
FLJ41046,15
FLJ42102,10
FLJ43806,2
FLJ43860,15
FLJ44060,3
FLJ44635,16
FLJ45966,16
FLJ46347,18
FLJ90757,12
FLOT2,12
FLT1,5
FLT4,3
FMNL2,11
FMO2,12
FN3K,18
FNIP1,17
FNTB,6
FOLR1,1
FOSL1,10
FOXD4,12
FOXF1,11
FOXK2,2
FOXL2,11
FOXN2,13
FOXR1,19
FREQ,20
FRMPD2L1,4
FRMPD2L2,10
FRS2,5
FRZB,10
FSCN2,11
FSD2,5
FSTL4,17
FUT11,19
FUT6,2
FVT1,7
FXC1,12
FXR1,14
FXR2,17
FXYD2,9
FXYD7,15
FYCO1,19
FZD10,19
FZD6,5
FZD7,12
G3BP1,13
G3BP2,11
GAB2,12
GABPAP,20
GABPB2,20
GABRA4,2
GABRB3,4
GAD1,8
GADL1,18
GAGE1,4
GAGE12I,9
GALC,7
GALE,11
GALNT10,1
GALNT12,20
GALNT13,9
GALNT14,19
GALNT4,14
GALNT6,8
GALNTL4,5
GAP43,8
GAPDH,17
GAPVD1,17
GAS2L1,9
GAS2L3,1
GAS8,5
GAST,15
GATA5,3
GATM,5
GBA,12
GBAS,14
GCC2,1
GCKR,1
GCM1,8
GCNT1,2
GDF2,10
GDF6,5
GDNF,9
GDPD3,2
GEMIN6,14
GEMIN7,2
GFM1,7
GFM2,4
GFRA2,6
GFRA3,18
GFRA4,6
GGA1,5
GGCX,20
GGPS1,14
GGT7,1
GGTLC1,18
GHSR,9
GIF,2
GIMAP6,20
GIPC1,12
GJA5,19
GJB3,1
GJB6,11
GJC2,12
GJD3,10
GLCE,14
GLI3,16
GLIS3,4
GLP1R,1
GLRB,15
GLRX2,6
GLS,8
GLT8D1,5
GLUD1,14
GLUL,12
GLYATL1,15
GLYCAM1,2
GLYCTK,6
GMFB,13
GNA12,17
GNA14,6
GNAI3,13
GNAO1,11
GNAS,17
GNAT1,2
GNB1L,6
GNG2,7
GNG5,8
GNG8,15
GNL2,7
GNL3,15
GNRH2,5
GOLGA2LY1,2
GOLPH3,14
GOLPH4,20
GOSR2,19
GP1BA,8
GPA33,12
GPAM,20
GPATCH1,19
GPBP1,7
GPC5,6
GPC6,12
GPD2,5
GPHN,4
GPNMB,5
GPR126,9
GPR128,14
GPR139,10
GPR141,7
GPR155,19
GPR158,9
GPR172A,19
GPR173,11
GPR179,6
GPR19,5
GPR20,19
GPR3,19
GPR37,16
GPR45,9
GPR52,18
GPR6,2
GPR61,11
GPR65,13
GPR68,12
GPR78,10
GPR82,5
GPR88,3
GPRC5A,2
GPS1,8
GPSM3,8
GPX2,16
GPX4,12
GRAMD1A,12
GRASP,19
GREB1,2
GRHL3,3
GRIN3B,3
GRINL1A,11
GRK4,3
GRK7,1
GRLF1,19
GRM4,1
GRM5,4
GRM7,1
GRP,20
GRWD1,8
GSDMB,8
GSG1,9
GSN,10
GSTA1,11
GSTA4,20
GSTCD,9
GSTM1,13
GSTM2,13
GSTT2,4
GTDC1,1
GTF2F2,14
GTF2H2,5
GTF2H5,14
GTF2IRD1,4
GTF2IRD2P,9
GTPBP4,13
GUCA1C,1
GUCY1A2,20
GUCY2D,11
GYG2,9
GYLTL1B,5
GYS2,5
GZMB,17
GZMM,12
H2BFWT,3
HAAO,12
HACL1,19
HAO2,19
HAUS8,1
HCN3,16
HDAC2,13
HDAC3,16
HDAC6,8
HDAC9,2
HDDC2,13
HDGFL1,9
HDHD3,16
HDLBP,4
HEBP1,17
HECTD3,12
HES1,19
HESX1,5
HEXB,14
HEY1,17
HFE,4
HGD,8
HIC1,1
HIF1A,14
HIF3A,8
HIGD1A,14
HINFP,12
HINT1,13
HIPK3,7
HIST1H2AI,18
HIST1H2AK,10
HIST1H2BD,12
HIST1H2BF,3
HIST1H2BG,16
HIST1H2BJ,8
HIST1H2BK,8
HIST1H3D,16
HIST1H4A,11
HIST2H2AA3,12
HIST2H2AC,12
HIST2H2BE,12
HIST3H2BB,18
HIVEP3,17
HM13,1
HMBS,7
HMCN1,11
HMG20B,8
HMGB2,13
HMGCS1,14
HMHA1,17
HN1L,16
HNMT,18
HNRNPCL1,4
HNRPK,14
HOOK2,6
HOXA3,9
HOXA7,10
HOXB1,16
HOXB3,20
HOXB6,8
HOXC4,12
HOXC6,4
HOXD11,20
HOXD12,15
HOXD3,12
HP1BP3,14
HPDL,9
HPGD,19
HPS4,4
HRH1,6
HRH4,18
HRK,12
HS3ST3A1,8
HS3ST6,16
HS6ST2,10
HSD17B13,18
HSD17B4,14
HSD3B1,2
HSDL1,20
HSF1,1
HSF4,4
HSP90AA1,11
HSP90B1,13
HSP90B3P,3
HSPA4L,3
HSPB6,16
HSZFP36,14
HTR3A,2
HTR3B,15
HTR3C,16
HTR4,11
HTR5A,3
HTRA1,19
HUWE1,6
HVCN1,12
IAH1,14
IARS,17
ICA1L,3
ICAM4,17
ICK,11
ICOSLG,4
ICT1,12
IDH1,14
IDH3B,6
IDH3G,1
IFI27,13
IFI6,13
IFIT1L,13
IFITM2,8
IFITM3,13
IFITM5,3
IFNA1,15
IFNA16,3
IFNA17,18
IFNA5,18
IFNAR1,17
IFNGR1,13
IFRG15,5
IFT122,4
IFT140,16
IFT74,14
IFT81,3
IGDCC4,9
IGF2,11
IGFBP1,13
IGFBP4,19
IGFL1,10
IGFL3,12
IGHMBP2,16
IGSF11,4
IGSF3,15
IGSF5,3
IKBKE,12
IKBKG,16
IKZF3,8
IL10RA,12
IL12RB2,9
IL17C,12
IL17REL,8
IL18BP,11
IL19,2
IL1A,5
IL1RAP,17
IL22RA1,11
IL24,19
IL27,3
IL28A,1
IL3RA,6
IL4I1,20
IL5,3
IL6R,13
IL6ST,2
ILK,8
ILVBL,17
INADL,1
ING2,19
INGX,3
INHBC,1
INO80,19
INPP5F,9
INS,8
INSIG1,20
INSIG2,14
INTS10,14
INTS2,14
INTS9,8
INVS,15
IPF1,10
IQCH,9
IQGAP3,15
IRAK2,12
IRAK4,7
IRF5,13
IRF6,2
IRS4,16
IRX1,17
IRX3,12
ISLR,5
ISYNA1,8
ITFG3,8
ITGA4,14
ITGA6,5
ITGAE,13
ITGB1,13
ITGB1BP1,13
ITGB4,9
ITPRIPL1,11
ITSN1,3
IVD,17
IVNS1ABP,19
JAG1,9
JAG2,5
JAK2,14
JMJD1A,7
JMJD1C,13
JMJD2C,19
JPH2,11
KBTBD3,4
KBTBD8,14
KCNAB2,19
KCNC4,2
KCND1,19
KCNE1L,15
KCNE2,10
KCNG3,10
KCNH2,3
KCNH5,2
KCNH6,9
KCNH7,11
KCNIP1,15
KCNJ14,16
KCNJ9,2
KCNK7,10
KCNMA1,2
KCNMB3,1
KCNN2,20
KCNQ4,9
KCTD11,1
KCTD17,19
KCTD21,16
KCTD6,7
KCTD9,19
KDELR1,8
KDELR3,11
KDM3B,7
KHDC1,10
KHDRBS1,7
KHDRBS3,11
KHK,1
KIAA0101,11
KIAA0182,17
KIAA0240,17
KIAA0261,14
KIAA0284,3
KIAA0319L,17
KIAA0528,13
KIAA0649,11
KIAA0672,12
KIAA0753,19
KIAA0913,8
KIAA1009,16
KIAA1012,13
KIAA1026,11
KIAA1244,19
KIAA1279,5
KIAA1467,1
KIAA1468,14
KIAA1543,2
KIAA1586,20
KIAA1598,13
KIAA1683,8
KIAA1826,14
KIAA1862,12
KIDINS220,14
KIF12,3
KIF18A,4
KIF18B,11
KIF19,16
KIF21A,6
KIF21B,2
KIF6,16
KIR2DL5A,9
KIR3DL1,12
KISS1,19
KITLG,20
KLC2,5
KLC4,1
KLF10,7
KLF11,19
KLF15,1
KLF16,3
KLHDC2,13
KLHDC5,14
KLHDC7B,4
KLHDC9,9
KLHL11,16
KLHL14,5
KLHL20,14
KLHL21,12
KLHL26,16
KLHL5,13
KLHL9,13
KLK1,2
KLK10,1
KLK11,16
KLK7,2
KLK8,11
KLRB1,13
KLRC3,2
KLRD1,13
KLRF1,13
KLRK1,15
KPNA3,7
KPNA5,20
KPNB1,7
KPRP,4
KRCC1,13
KREMEN1,8
KRT1,13
KRT12,2
KRT17,1
KRT20,18
KRT3,17
KRT6C,18
KRT71,10
KRT8,4
KRT80,10
KRT84,9
KRT85,16
KRT9,16
KRTAP1011,17
KRTAP102,2
KRTAP108,1
KRTAP124,1
KRTAP134,15
KRTAP171,10
KRTAP195,19
KRTAP231,5
KRTAP32,3
KRTAP45,11
KRTAP57,5
KTELC1,7
KTN1,5
KYNU,7
L1TD1,19
L3MBTL3,7
LAMA2,3
LAMA3,2
LAMA4,11
LAMB4,19
LARGE,19
LARP1B,2
LARP7,14
LASS6,14
LAT,8
LAYN,15
LCA5L,15
LCAP,1
LCE3B,5
LCORL,3
LCT,10
LDB1,19
LDHC,2
LDHD,2
LDOC1,17
LECT1,8
LELP1,6
LENEP,2
LEPRE1,4
LEPREL1,15
LETMD1,12
LFNG,7
LGALS12,12
LGALS3BP,12
LGR6,11
LHPP,12
LHX3,4
LHX4,16
LHX9,18
LIG3,19
LIM2,11
LIMA1,20
LIMD1,3
LIN37,15
LIPA,13
LIPE,16
LIPK,11
LIPT1,4
LMO3,3
LMOD1,2
LMX1A,3
LOC100008589,13
LOC124220,20
LOC134145,2
LOC151121,2
LOC158381,12
LOC168474,10
LOC200420,4
LOC220115,9
LOC257358,2
LOC283174,1
LOC283874,1
LOC284009,3
LOC285033,1
LOC285359,1
LOC285908,15
LOC374491,20
LOC387646,18
LOC388910,3
LOC388915,10
LOC389816,8
LOC389827,15
LOC400120,6
LOC400464,12
LOC401286,6
LOC401296,3
LOC401589,15
LOC402117,11
LOC440145,4
LOC440354,7
LOC440558,3
LOC440742,9
LOC440925,18
LOC441233,10
LOC441294,19
LOC441376,3
LOC442245,9
LOC493869,20
LOC54103,14
LOC554226,9
LOC554235,9
LOC619207,2
LOC642316,4
LOC643842,10
LOC653216,3
LOC653602,15
LOC653623,4
LOC729164,4
LOC93622,7
LONRF1,14
LONRF3,19
LPA,15
LPAL2,9
LPAR1,11
LPHN1,12
LPIN3,10
LPPR5,15
LRP11,20
LRP5,9
LRP8,4
LRRC10,11
LRRC16,20
LRRC25,13
LRRC26,8
LRRC27,2
LRRC28,8
LRRC3,1
LRRC37B,17
LRRC40,5
LRRC43,16
LRRC4B,4
LRRC7,4
LRRC8B,5
LRRN1,19
LRRTM1,2
LRRTM2,2
LSM10,8
LSM3,13
LSMD1,7
LSR,6
LTA,12
LY6G5C,18
LY9,17
LYAR,17
LYNX1,1
LYPD1,20
LYPD3,12
LYPD5,18
LYPLAL1,14
LYZL4,18
LZTFL1,19
LZTS2,16
MAB21L1,11
MAF,12
MAG,12
MAGEA1,10
MAGEA11,8
MAGEA5,16
MAGEC3,18
MAGED4B,19
MAGI1,3
MAK,8
MAL,13
MAN1A1,7
MANBAL,8
MANEA,7
MAP1LC3A,10
MAP2K3,3
MAP2K6,20
MAP3K14,12
MAP3K4,12
MAP3K7,14
MAP3K8,14
MAP6,16
MAPK10,18
MAPK11,4
MAPK15,6
MAPK4,2
MAPK8,15
MAPK8IP1,17
MAPRE1,19
MARCH2G,12
MARCH5G,4
MASP2,11
MATN1,10
MATR3,14
MBD2,16
MBIP,7
MBNL1,20
MCAM,20
MCF2,11
MCHR2,3
MCM4,17
MCTS1,7
MDC1,7
MDGA1,8
MDM1,15
MDS1,11
ME3,2
MEA1,8
MED13,9
MED15,12
MED28,14
MED6,6
MEGF8,19
MEIS3,4
MELK,4
MEN1,19
MEOX1,19
MEOX2,9
METAP2,13
METTL10,15
METTL5,13
MEX3C,7
MFAP3L,5
MFAP4,17
MFAP5,16
MFSD2B,1
MGA,6
MGAT4A,14
MGAT5B,16
MGC119295,1
MGC18216,17
MGC3196,16
MGC33556,7
MGC50722,18
MGC5139,19
MGC57359,3
MGC70863,6
MGC71993,12
MGST1,3
MICALL1,8
MIER3,5
MIOS,14
MKI67,10
MKNK2,12
MLEC,12
MLH3,1
MLLT10,16
MLXIP,10
MLXIPL,19
MMAA,4
MMAB,6
MMP14,15
MMP15,9
MMP2,10
MMP9,13
MN1,18
MNAT1,1
MOAP1,7
MOBP,2
MOCS1,8
MORN3,11
MORN5,3
MOSC2,3
MOSPD3,12
MOV10L1,16
MPDU1,8
MPDZ,15
MPND,8
MRAP,4
MRAS,7
MRC1L1,11
MRE11A,17
MRGPRD,1
MRGPRF,9
MRGPRX2,10
MRGPRX3,3
MRI1,14
MRPL1,14
MRPL11,4
MRPL22,14
MRPL23,7
MRPL27,4
MRPL32,13
MRPL39,7
MRPL4,11
MRPL50,13
MRPL53,17
MRPL55,6
MRPS10,7
MRPS14,20
MRPS22,14
MRPS34,14
MRPS6,7
MRRF,6
MS4A15,16
MS4A4A,3
MS4A6A,13
MS4A8B,10
MSH5,2
MSH6,14
MSI1,16
MSI2,19
MSLNL,9
MSMP,5
MSR1,2
MST4,7
MT1X,12
MTCH2,20
MTCP1,7
MTDH,13
MTHFD2,14
MTMR1,4
MTMR2,15
MTMR6,13
MTMR7,3
MTPN,13
MTR,12
MTRR,4
MTSS1,13
MTUS2,18
MUC1,15
MUC4,9
MURC,10
MUSK,9
MUSTN1,16
MUTED,7
MXD3,7
MXI1,3
MXRA7,18
MYBPH,17
MYBPHL,3
MYCL1,19
MYD88,12
MYEOV,1
MYF6,3
MYH11,18
MYH14,1
MYH6,6
MYL1,15
MYLIP,13
MYO15A,19
MYO1B,18
MYO1C,4
MYO5A,17
MYO5C,19
MYO7A,16
MYO9A,8
MYOCD,9
MYRIP,1
N4BP1,8
N6AMT1,4
NAE1,7
NAGK,17
NANP,20
NAT11,10
NAT8,4
NAT8B,12
NAV2,4
NAV3,11
NBAS,16
NBPF1,5
NCAM1,12
NCAN,6
NCAPG,20
NCBP2,14
NCDN,16
NCF1B,13
NCF1C,17
NCF4,7
NCKAP1,4
NCOA4,13
NCOA6,14
NCRNA00153,19
NDFIP1,14
NDFIP2,20
NDRG3,8
NDST1,17
NDUFA13,12
NDUFA4,13
NDUFAB1,13
NDUFAF3,8
NDUFB2,13
NDUFB3,13
NDUFS4,13
NDUFS5,13
NDUFS7,12
NEBL,1
NEDD4,4
NEDD4L,1
NEFH,20
NEFM,15
NEK10,4
NEK11,3
NEK7,7
NEO1,12
NES,9
NET1,14
NETO1,6
NEUROD4,2
NEUROG2,1
NEXN,12
NF2,3
NFASC,20
NFAT5,18
NFATC1,12
NFATC2,3
NFATC3,9
NFE2L1,12
NFE2L2,17
NFIC,19
NFKBIB,7
NFKBIL2,1
NFKBIZ,13
NFXL1,13
NGDN,7
NGF,1
NHEDC2,4
NHEJ1,2
NHLRC3,2
NHLRC4,16
NIN,13
NIPSNAP3B,20
NIT1,6
NKAIN1,2
NKAIN3,16
NKIRAS2,6
NKRF,19
NKX21,2
NLGN2,8
NLGN3,15
NLRP11,3
NLRP7,11
NLRP9,11
NMD3,14
NME1,15
NMNAT2,3
NNAT,12
NODAL,15
NOG,20
NOL11,13
NOL6,9
NOMO2,5
NOS3,18
NOXO1,10
NPAS4,3
NPAT,12
NPSR1,4
NPTX1,10
NPVF,4
NPY,5
NPY2R,3
NR0B1,2
NR1D1,17
NR3C1,17
NR4A1,12
NR4A2,10
NR4A3,15
NR6A1,2
NRARP,3
NRG1,11
NRGN,13
NRIP1,14
NRIP3,17
NRP1,20
NRSN2,12
NRXN3,3
NSMCE2,14
NTN1,10
NTRK3,18
NUCB2,7
NUDCD3,6
NUDT3,14
NUDT4,10
NUFIP2,17
NUP107,14
NUP153,14
NUPL2,7
NXF5,15
NXPH1,10
OAS3,19
OBFC2B,8
ODF4,6
ODZ2,2
OGDHL,18
OGFOD1,5
OGFR,8
OGN,11
OGT,13
OLA1,9
OLFM1,7
OLIG3,4
OPA1,14
OPALIN,4
OPRL1,2
OPRM1,8
OR10A2,1
OR10A7,4
OR10C1,10
OR10Q1,1
OR10R2,5
OR10X1,1
OR11G2,16
OR11L1,15
OR13A1,2
OR13C8,11
OR13G1,15
OR13H1,2
OR14J1,10
OR1L4,18
OR1M1,18
OR1N1,4
OR2A42,11
OR2A5,15
OR2AG2,6
OR2B11,10
OR2F1,18
OR2G2,9
OR2L3,5
OR2T11,8
OR2T27,1
OR2W3,13
OR2W5,8
OR3A1,1
OR4A16,10
OR4C11,18
OR4C15,16
OR4C45,19
OR4D6,19
OR4F15,1
OR4F21,18
OR4F4,9
OR51B6,3
OR51D1,15
OR51Q1,16
OR51V1,4
OR52A5,18
OR52B4,5
OR52R1,10
OR52W1,15
OR5AS1,15
OR5L1,10
OR6C76,9
OR6V1,18
OR7C2,10
OR7D4,18
OR8A1,10
OR8J3,4
OR8U8,2
OR9I1,16
ORC5L,5
ORMDL3,12
OSBPL2,12
OSBPL6,11
OSBPL7,8
OSCAR,17
OSTN,11
OTOA,18
OTOR,19
OVCH2,10
OVOL1,10
OXCT2,4
OXR1,13
P11,16
P15RS,14
P2RY14,4
P2RY2,18
P2RY5,13
P4HA2,3
PACS2,19
PADI1,6
PAFAH1B1,14
PAG1,17
PAGE5,3
PAIP1,20
PAK4,8
PALLD,14
PANK3,19
PANX1,5
PAOX,1
PAPD1,19
PAPD4,14
PAPPA2,18
PAQR9,11
PARD6B,16
PARD6G,3
PARP3,1
PARP6,11
PARVB,17
PAX1,10
PAX6,11
PAX9,6
PBLD,4
PBX1,8
PCBP3,1
PCDH11X,1
PCDHA10,18
PCDHA8,3
PCDHAC1,11
PCDHB14,15
PCDHB17,20
PCDHB18,1
PCDHGA1,11
PCDHGA10,9
PCDHGA5,11
PCDHGA8,19
PCDHGB2,10
PCDHGB6,12
PCDHGC3,4
PCGF1,12
PCGF5,20
PCSK6,20
PCSK7,8
PDCD10,14
PDE11A,3
PDE2A,2
PDE5A,9
PDE6A,20
PDE8A,16
PDGFB,15
PDGFC,20
PDGFRA,10
PDIA2,2
PDK1,19
PDK4,13
PDLIM4,3
PDP2,4
PDPK1,7
PDPN,11
PDPR,12
PDS5B,7
PDZD2,10
PECI,17
PEG10,3
PEX11A,20
PEX7,20
PFDN5,13
PGBD2,4
PGBD3,4
PGF,9
PGK1,7
PGP,20
PGPEP1,9
PHC2,4
PHF1,12
PHF13,7
PHF17,12
PHF19,12
PHF20L1,17
PHKA1,8
PHLDA3,10
PHLDB2,4
PHTF1,7
PHTF2,20
PHYH,7
PI15,6
PI16,12
PICALM,7
PIGA,7
PIGK,14
PIGL,1
PIGO,1
PIGW,16
PIGY,13
PIGZ,10
PIH1D2,20
PIK3CD,12
PIK3R1,18
PINX1,4
PITX2,20
PJA1,1
PJA2,13
PKD1,1
PKD2,7
PKIA,2
PKLR,4
PKN1,19
PKNOX1,12
PKNOX2,2
PLA2G2E,20
PLA2G3,2
PLA2G6,16
PLAC4,20
PLCB1,6
PLCD4,9
PLCL1,19
PLCL2,7
PLCXD1,7
PLEKHA1,13
PLEKHG2,10
PLEKHG4B,11
PLEKHG5,3
PLEKHG7,15
PLEKHH2,1
PLEKHH3,19
PLEKHM1,8
PLG,2
PLK4,5
PLP1,11
PLRG1,14
PLS1,16
PLSCR3,17
PLTP,19
PLUNC,12
PMEPA1,3
PML,2
PNLIPRP2,3
PNMA3,12
PNN,13
PODXL2,9
POF1B,20
POFUT2,8
POGZ,17
POLE4,13
POLR1D,17
POLR2J3,7
POLR3D,11
POLR3GL,7
POLR3H,9
POLS,6
POPDC2,15
POT1,11
POU3F2,10
POU5F2,9
PP8961,16
PPAP2A,11
PPAPDC1A,20
PPAPDC2,14
PPARD,16
PPARG,11
PPDPF,13
PPIL2,19
PPM1A,13
PPM1L,9
PPM1M,8
PPM2C,14
PPP1CA,6
PPP1CB,14
PPP1R14A,8
PPP1R2,14
PPP1R3A,18
PPP1R8,2
PPP2R2C,9
PPP2R2D,4
PPP2R3A,6
PPP2R3C,13
PPP2R4,19
PPP6C,19
PPPDE1,14
PPT2,6
PQLC2,16
PRAME,1
PRAMEF16,3
PRAMEF6,2
PRAMEF7,10
PRB2,5
PRDM1,13
PRDM10,14
PRDM11,3
PRDM12,18
PRDM16,16
PRDM5,5
PRDM8,12
PRDM9,8
PRELP,18
PRG3,11
PRH2,18
PRICKLE2,6
PRICKLE3,9
PRKAA1,14
PRKAB1,6
PRKAB2,19
PRKACB,3
PRKACG,1
PRKAG2,7
PRKCB1,7
PRKCG,10
PRKCSH,8
PRKCZ,2
PRKRIP1,16
PRLR,3
PRM1,10
PRMT6,7
PRMT8,1
PRNP,13
PROKR2,16
PRPF38A,14
PRPF4,6
PRPF4B,9
PRR3,19
PRR5,17
PRSS16,2
PRSS27,3
PRSS3,2
PRSS37,11
PRSS7,8
PSCDBP,19
PSENEN,8
PSG3,19
PSIP1,2
PSMA1,14
PSMA2,14
PSMA4,13
PSMA6,13
PSMC2,14
PSMD14,7
PSMD2,14
PSMD4,16
PSMD9,9
PSORS1C1,6
PTBP2,7
PTCD1,8
PTCRA,12
PTGDS,13
PTGER4,13
PTGFR,20
PTGS1,12
PTK2B,17
PTK6,8
PTPLB,13
PTPN7,6
PTPRD,4
PTPRF,4
PTPRM,19
PTPRO,14
PTPRR,16
PTPRS,19
PTPRT,16
PTRH2,20
PTS,14
PUM1,14
PURG,2
PVRL1,19
PXMP2,19
PYCARD,12
PYCRL,10
PYGO1,2
QSER1,9
QTRTD1,7
RAB11FIP3,8
RAB11FIP5,12
RAB1B,8
RAB21,14
RAB25,1
RAB28,14
RAB33B,13
RAB35,6
RAB42,1
RAB43,12
RAB4B,6
RAB5A,14
RAB8B,13
RABEP1,14
RABL3,14
RABL5,5
RAC1,9
RAC3,15
RACGAP1,20
RAD51C,3
RAD51L3,18
RAD52,11
RAET1E,10
RALGAPA1,7
RAMP2,8
RANBP3,8
RAP1A,17
RAP2A,13
RAP2B,5
RAPSN,12
RARA,12
RASA1,14
RASA3,8
RASD2,3
RASGEF1C,9
RASL11A,19
RASSF3,16
RASSF4,7
RAVER2,14
RB1CC1,13
RBBP8,2
RBM15,7
RBM23,8
RBM25,13
RBM26,14
RBM28,19
RBM41,12
RBM44,19
RBM45,7
RBMX2,17
RBP1,18
RBP2,11
RBPJL,6
RBPMS2,13
RBX1,13
RCAN1,20
RCBTB1,5
RCE1,8
RCOR2,9
REEP4,6
RELN,2
RELT,4
REM2,8
RET,4
RFFL,19
RFK,5
RFNG,19
RFWD2,14
RFX3,11
RFX5,7
RGAG1,2
RGMA,12
RGMB,11
RGPD1,14
RGPD5,15
RGS10,13
RGS11,4
RGS12,6
RGS3,4
RGS6,16
RHBDL3,8
RHCE,2
RHOC,8
RHOG,8
RHOT1,14
RHOV,4
RIBC2,2
RIC8A,15
RICS,7
RIF1,14
RIMS1,3
RIN2,14
RIPK5,12
RIPPLY2,3
RLN1,2
RMND1,20
RMND5B,6
RNASE10,12
RNASE12,2
RNASE2,13
RNASE4,14
RNASEH2C,12
RNASEL,7
RND3,2
RNF112,15
RNF12,20
RNF126P1,2
RNF128,11
RNF138,14
RNF14,14
RNF151,2
RNF17,5
RNF39,1
RNF40,12
RNF5,8
RNF5P1,17
RNF6,9
RNF7,2
RNF8,11
RNGTT,7
RNMT,19
ROCK1,14
ROM1,12
RORC,1
RP51022P62,14
RPE,5
RPF1,17
RPGR,17
RPL17,13
RPL23,13
RPL23AP7,17
RPL26,13
RPL27,13
RPL31,13
RPL34,13
RPL35,13
RPL39,13
RPL9,14
RPP25,20
RPRML,3
RPS15A,13
RPS17,13
RPS24,13
RPS29,13
RPS3A,13
RPS6KA2,19
RPS6KA3,7
RPS6KB1,14
RRAGB,9
RRAGC,12
RRAS2,12
RREB1,5
RRM2,20
RRP8,16
RSBN1,14
RSBN1L,7
RSL24D1,13
RSPO2,12
RSRC2,17
RTBDN,2
RTCD1,17
RTDR1,16
RTKN,1
RTN1,13
RTN3,11
RTN4,15
RTN4RL1,16
RUFY3,4
RUNDC1,19
RUNX1T1,16
RUNX2,8
RWDD1,19
RXRB,8
RXRG,12
RYR1,15
S100A10,7
S100A16,2
S100B,5
S1PR3,14
SAA1,9
SALL4,3
SAMD11,6
SAMHD1,20
SAR1B,13
SARM1,8
SASH3,8
SBK1,12
SC4MOL,20
SCAMP1,14
SCAND1,12
SCARA3,1
SCARB2,14
SCARF1,11
SCARF2,4
SCD,14
SCD5,16
SCFD1,3
SCGB1C1,17
SCGB2A2,1
SCGB3A2,19
SCHIP1,10
SCIN,2
SCMH1,8
SCN2B,19
SCN3B,11
SCN4A,11
SCN7A,1
SCOC,13
SCP2,6
SCPEP1,14
SCRN2,15
SCRT1,15
SDCCAG3,14
SDCCAG8,4
SDHAF1,20
SDK1,20
SEC14L3,15
SEC22C,14
SEC23B,19
SEC24C,6
SEC24D,19
SEC61B,13
SELL,17
SEMA6B,15
SEMA6D,2
SENP2,1
SENP8,4
SEP11G,17
SEP1_5G,13
SEP4G,8
SERINC3,4
SERPINA9,10
SERPINB11,9
SERPINB6,5
SERPING1,17
SERPINH1,16
SETD4,19
SETDB2,7
SEZ6L,18
SFN,3
SFRS10,13
SFRS12,17
SFRS13A,11
SFRS17A,7
SFRS7,13
SFTPD,7
SGCA,16
SGEF,15
SGK2,3
SGK3,10
SGSM1,9
SH2D4B,10
SH3BP5,1
SH3TC2,3
SHANK3,3
SHBG,1
SHFM1,14
SHOX,4
SHRM,4
SHROOM1,11
SIGLEC10,13
SIGLEC12,9
SIGLEC15,4
SIGLEC5,7
SIK1,11
SIRPD,6
SIRPG,17
SIRT1,7
SIRT5,12
SKA2,6
SKI,8
SKIP,6
SKP2,7
SLA2,8
SLC10A3,8
SLC10A5,5
SLC10A7,5
SLC12A7,10
SLC12A8,16
SLC13A1,15
SLC13A2,6
SLC18A1,15
SLC19A2,6
SLC1A6,11
SLC22A10,3
SLC22A5,20
SLC22A6,20
SLC23A2,20
SLC23A3,5
SLC24A2,4
SLC24A3,19
SLC24A5,2
SLC24A6,12
SLC25A1,8
SLC25A10,19
SLC25A12,19
SLC25A13,17
SLC25A15,9
SLC25A16,11
SLC25A17,20
SLC25A24,11
SLC25A26,19
SLC25A27,9
SLC25A31,1
SLC25A32,15
SLC25A35,15
SLC25A40,14
SLC25A43,14
SLC26A2,7
SLC26A3,5
SLC26A8,3
SLC29A1,7
SLC2A11,17
SLC2A8,16
SLC30A3,12
SLC30A5,7
SLC30A9,14
SLC33A1,14
SLC35A1,13
SLC35A4,6
SLC35E3,12
SLC35F5,19
SLC38A11,4
SLC39A10,7
SLC39A11,6
SLC39A14,9
SLC39A7,4
SLC39A8,7
SLC39A9,5
SLC41A1,19
SLC43A3,12
SLC44A1,14
SLC44A3,2
SLC4A11,15
SLC4A7,13
SLC5A1,15
SLC5A10,20
SLC6A10P,13
SLC6A13,1
SLC6A14,2
SLC6A2,10
SLC6A4,20
SLC6A5,15
SLC6A9,13
SLC7A4,10
SLC7A9,1
SLC9A6,19
SLCO1A2,2
SLCO1B3,9
SLCO4A1,8
SLMAP,13
SLN,3
SMAD4,14
SMARCA1,4
SMARCA2,15
SMARCA5,7
SMARCAL1,12
SMC1B,9
SMC2,20
SMG5,8
SMOX,17
SMPD2,8
SMPDL3B,11
SMURF2,10
SMYD3,6
SNAG1,5
SNAI3,16
SNAP29,7
SND1,12
SNHG10,6
SNIP1,19
SNORD1164,2
SNORD48,5
SNORD56,14
SNRNP27,7
SNRPA,19
SNRPA1,14
SNRPB2,13
SNRPD1,4
SNRPG,13
SNTN,3
SNUPN,7
SNX11,8
SNX13,14
SNX14,19
SNX19,6
SNX2,14
SNX26,6
SNX4,14
SNX5,7
SOCS5,3
SOCS6,1
SOHLH1,9
SON,13
SORBS1,3
SORBS2,9
SORCS1,3
SORT1,12
SOX10,1
SOX12,17
SOX13,8
SOX30,9
SOX5,2
SOX6,4
SP3,7
SP6,6
SP8,15
SPACA1,1
SPACA3,9
SPACA4,12
SPAG16,1
SPAG6,1
SPANXA1,10
SPARC,12
SPATA12,18
SPATA3,1
SPATA6,11
SPATC1,10
SPDYC,8
SPEF1,6
SPERT,4
SPESP1,18
SPG11,17
SPG3A,4
SPHK1,3
SPHK2,12
SPHKAP,16
SPIN1,17
SPINK6,5
SPINK9,1
SPINLW1,1
SPON2,12
SPPL2A,14
SPPL2B,16
SPRED1,14
SPRED2,11
SPRY4,12
SPRYD5,17
SPTB,11
SPTBN4,1
SRA1,16
SRBD1,6
SRD5A3,11
SREBF1,8
SRI,7
SRP19,7
SRP72,13
SRR,4
SRRM1,7
SRRM4,3
SSNA1,1
SSR1,14
SSX3,7
SSX6,2
SSX9,5
ST3GAL1,12
ST3GAL2,8
ST5,16
ST6GAL1,4
ST6GAL2,2
ST6GALNAC4,12
STAG3,6
STAP2,15
STARD13,1
STARD5,5
STIP1,12
STK31,3
STK39,7
STOML2,14
STRA8,10
STRADA,18
STT3A,14
STX10,17
STXBP5,14
STYXL1,12
SUB1,13
SULT1A1,1
SURF2,15
SUV39H2,12
SUV420H1,7
SUV420H2,6
SUZ12,13
SYCP3,10
SYDE1,4
SYN2,1
SYNE1,9
SYNGAP1,16
SYPL1,3
SYT12,10
SYT14,15
SYT15,19
SYT8,18
SYTL3,8
TAAR5,15
TAAR8,6
TAC3,15
TADA3,16
TAF11,16
TAF1D,20
TAF4,14
TAF5,7
TAF5L,18
TAF6L,8
TAF7,13
TAGLN,4
TAOK2,8
TARP,17
TAS2R16,9
TAS2R38,15
TAS2R39,9
TAS2R43,1
TAS2R45,5
TAS2R5,15
TAS2R7,3
TAX1BP1,13
TAX1BP3,8
TAZ,12
TBC1D13,15
TBC1D15,14
TBC1D29,11
TBC1D8B,20
TBC1D9,13
TBCA,13
TBCD,4
TBCE,14
TBX1,11
TBX10,18
TBX18,17
TBX19,15
TBX3,2
TBX6,19
TC2N,7
TCBA1,10
TCEA1,20
TCEA2,8
TCEAL6,2
TCEAL8,17
TCEB1,7
TCF21,20
TCF7,7
TCHHL1,11
TCP1,14
TCTA,12
TCTEX1D1,15
TDGF1,2
TDRKH,11
TEDDM1,6
TENC1,10
TES,12
TEX11,11
TEX13A,20
TEX14,2
TEX261,6
TEX9,5
TFB1M,8
TFB2M,7
TFCP2,7
TFCP2L1,10
TFF2,16
TFG,6
TFPI2,3
TFPT,16
TGFB2,3
TGFBR2,19
TGIF1,16
TGM5,5
THAP1,14
THAP4,11
THAP8,1
THOC2,17
THOC3,14
THSD3,10
THSD4,15
THUMPD2,7
TIAL1,17
TICAM2,14
TIGD3,4
TIMM17B,8
TIMM9,12
TIPARP,7
TIPIN,11
TIPRL,7
TLCD1,1
TLE6,15
TLK1,7
TLR3,5
TLR7,14
TLR9,8
TM2D3,1
TM4SF1,15
TM4SF20,2
TM4SF4,5
TM4SF5,10
TM9SF3,7
TM9SF4,12
TMBIM6,13
TMC5,11
TMC7,16
TMCO1,13
TMCO4,16
TMED10P,13
TMED7,13
TMEM101,6
TMEM107,20
TMEM118,14
TMEM119,12
TMEM126A,13
TMEM126B,13
TMEM128,1
TMEM130,2
TMEM132A,11
TMEM136,5
TMEM140,12
TMEM144,14
TMEM14C,13
TMEM151A,15
TMEM158,13
TMEM165,13
TMEM16B,3
TMEM170A,19
TMEM174,4
TMEM175,12
TMEM177,16
TMEM190,11
TMEM201,18
TMEM205,12
TMEM217,12
TMEM218,7
TMEM222,16
TMEM40,16
TMEM41B,17
TMEM50B,13
TMEM64,19
TMEM68,3
TMEM77,14
TMEM79,12
TMEM88,8
TMEM93,17
TMLHE,14
TMPO,11
TMSEP7GF2,12
TMTC1,9
TMUB1,8
TMUB2,16
TNFAIP1,1
TNFAIP3,8
TNFAIP8L2,8
TNFRSF10C,17
TNFSF18,10
TNFSF9,16
TNK2,17
TNN,12
TNNT2,4
TNNT3,10
TNPO1,11
TNRC6A,12
TNS4,3
TNXB,19
TOMM7,13
TOP1,6
TOR1A,19
TOR2A,17
TP53INP2,8
TPCN1,20
TPD52L2,17
TPD52L3,3
TPH1,1
TPK1,14
TPSG1,16
TRAF5,3
TRAF6,3
TRAK1,14
TRAM1,13
TRAPPC2P1,14
TREML1,12
TRERF1,11
TRIM14,10
TRIM17,6
TRIM31,3
TRIM42,11
TRIM48,16
TRIM55,4
TRIM6,18
TRIM7,11
TRIML1,8
TRIML2,9
TRIP11,14
TRMT1,6
TRMT11,5
TRMT2B,10
TRNT1,20
TRPA1,17
TRPC4AP,12
TRPM2,18
TRPV3,10
TRPV4,16
TSC22D2,7
TSEN54,8
TSGA10,5
TSPAN1,8
TSPAN16,3
TSPAN18,13
TSPAN3,14
TSPAN6,9
TSPYL5,19
TTC1,8
TTC14,7
TTC32,7
TTC33,14
TTC38,12
TTC39B,4
TTC7B,17
TTLL10,5
TTLL5,6
TTLL7,9
TTTY12,11
TTTY5,18
TTTY8,2
TTYH1,3
TUBB3,9
TWF1,19
TWSG1,7
TXNDC12,13
TXNDC15,7
TXNDC17,13
TXNL4A,1
TXNRD1,7
TYR,3
U1SNRNPBP,12
UACA,11
UBA3,14
UBA52,12
UBAP1,17
UBASH3A,11
UBC,4
UBE2A,19
UBE2B,6
UBE2D1,18
UBE2I,1
UBE2J1,14
UBE2L3,8
UBE2T,4
UBE2U,2
UBE3A,4
UBE4A,7
UBFD1,20
UBL3,13
UBOX5,16
UBP1,14
UBR5,14
UBR7,12
UBXN11,15
UBXN8,5
UCHL5,7
UCP3,11
UFD1L,4
UGDH,7
UGP2,19
UGT1A3,16
UGT1A8,10
UGT2B10,5
ULK3,6
UMODL1,9
UNC45A,11
UNC5C,16
UPF2,4
UPK3B,16
UPRT,14
UQCRB,4
UQCRC1,12
UQCRQ,13
USHBP1,10
USO1,13
USP2,9
USP28,19
USP32,20
USP33,13
USP48,7
USP6,19
USP9X,14
USPL1,17
UST,20
UTS2,13
UTX,12
VAMP4,7
VAMP7,14
VAPA,19
VAT1,8
VCP,12
VCPIP1,14
VCXC,18
VIP,2
VN1R1,20
VN1R2,12
VN1R5,16
VNN2,13
VPS11,16
VPS13B,9
VPS26A,14
VPS26B,19
VPS28,12
VPS29,13
VPS36,13
VPS37A,7
VPS37B,8
VPS54,14
VRK1,6
VRK3,12
VSIG2,15
VWA1,15
VWA2,2
VWA3B,18
VWA5A,20
WASPIP,13
WBSCR23,9
WDFY1,13
WDR12,7
WDR17,2
WDR27,6
WDR35,16
WDR37,17
WDR45,16
WDR48,7
WDR59,7
WDR66,19
WDR67,7
WDR7,2
WDR89,4
WDSUB1,17
WEE1,7
WFDC13,1
WFDC5,15
WFIKKN2,11
WIF1,15
WIPF2,16
WNK2,3
WNT2B,1
WNT3A,10
WNT5B,18
WTIP,16
WWOX,3
XAGE5,5
XIRP1,3
XK,13
XPO5,6
XPOT,20
XRN1,7
YEATS4,7
YIPF5,7
YRDC,14
YSK4,11
YTHDF1,19
YTHDF2,17
YWHAZ,14
ZBTB26,11
ZBTB33,13
ZBTB48,8
ZBTB7B,6
ZBTB8A,10
ZC3H3,8
ZCCHC24,8
ZCRB1,14
ZDHHC11,19
ZDHHC12,16
ZDHHC17,14
ZDHHC21,5
ZDHHC4,3
ZDHHC9,4
ZEB2,14
ZFAND6,17
ZFC3H1,14
ZFP2,5
ZFP28,5
ZFP41,3
ZFPM1,8
ZFR,13
ZFX,17
ZFYVE1,16
ZFYVE9,19
ZIC2,15
ZKSCAN5,1
ZMIZ1,7
ZMYM4,14
ZMYND11,5
ZMYND8,6
ZNF121,19
ZNF142,16
ZNF16,16
ZNF160,3
ZNF167,4
ZNF174,19
ZNF181,20
ZNF189,5
ZNF197,4
ZNF213,12
ZNF214,2
ZNF22,13
ZNF224,7
ZNF232,19
ZNF266,17
ZNF280B,16
ZNF295,14
ZNF322B,6
ZNF323,1
ZNF331,7
ZNF333,19
ZNF335,4
ZNF35,20
ZNF365,19
ZNF384,19
ZNF414,15
ZNF418,19
ZNF429,4
ZNF436,4
ZNF44,11
ZNF443,14
ZNF446,16
ZNF45,14
ZNF451,14
ZNF473,9
ZNF483,11
ZNF484,20
ZNF493,17
ZNF496,4
ZNF510,5
ZNF511,7
ZNF518A,14
ZNF532,20
ZNF544,16
ZNF551,4
ZNF558,7
ZNF561,20
ZNF581,12
ZNF584,20
ZNF586,7
ZNF596,5
ZNF610,19
ZNF619,16
ZNF639,16
ZNF654,14
ZNF655,17
ZNF668,8
ZNF704,15
ZNF709,10
ZNF714,18
ZNF721,13
ZNF74,16
ZNF75D,7
ZNF761,20
ZNF767,8
ZNF782,11
ZNF804A,6
ZNF821,19
ZNF831,6
ZNFX1,12
ZNHIT3,3
ZP2,5
ZRANB3,3
ZSCAN16,6
ZSCAN4,2
ZSWIM3,19
ZSWIM4,8
ZUFSP,7
ZWINT,6